<?xml version="1.0" encoding="UTF-8" standalone="yes"?>
<employees>
    <employee employee_no="sdf">
        <name>donnv2</name>
        <dob>1112-10-04</dob>
        <address>sdfsd</address>
        <email>abc@gami.com</email>
        <phone_no>364091660</phone_no>
        <place_of_work>sfdfds</place_of_work>
    </employee>
    <employee employee_no="sdas">
        <name>donn</name>
        <dob>1111-11-04</dob>
        <address>dsfsdf</address>
        <email>sdfdsfds@abc.com</email>
        <phone_no>364091660</phone_no>
        <place_of_work>sdfsdf</place_of_work>
    </employee>
</employees>
