<?xml version="1.0" encoding="UTF-8"?>
<project-private xmlns="http://www.netbeans.org/ns/project-private/1">
    <editor-bookmarks xmlns="http://www.netbeans.org/ns/editor-bookmarks/2" lastBookmarkId="0"/>
    <open-files xmlns="http://www.netbeans.org/ns/projectui-open-files/2">
        <group>
            <file>file:/C:/Users/Don%20OzOn/OneDrive/Documents/NetBeansProjects/Assignment2/build/generated-sources/jaxb/generated/Employees.java</file>
            <file>file:/C:/Users/Don%20OzOn/OneDrive/Documents/NetBeansProjects/Assignment2/src/Controller/AddController.java</file>
            <file>file:/C:/Users/Don%20OzOn/OneDrive/Documents/NetBeansProjects/Assignment2/src/Controller/ShowController.java</file>
            <file>file:/C:/Users/Don%20OzOn/OneDrive/Documents/NetBeansProjects/Assignment2/src/Controller/HomeController.java</file>
            <file>file:/C:/Users/Don%20OzOn/OneDrive/Documents/NetBeansProjects/Assignment2/src/GUI/AddNew.java</file>
        </group>
    </open-files>
</project-private>
